{
  "n_trials": 2,
  "convergence_rate": 1.0,
  "health_pass_rate": 1.0,
  "n_converged": 2,
  "n_healthy": 2,
  "steps_stats": {
    "mean": 305.0,
    "std": 12.0,
    "min": 293.0,
    "max": 317.0,
    "median": 305.0
  },
  "recovery_stats": {
    "mean": 185.0,
    "std": 2.0,
    "min": 183.0,
    "max": 187.0
  },
  "metric_stats": {
    "delta": {
      "mean": 4.3637859258053067e-10,
      "std": 8.96807279131907e-13,
      "min": 4.354817853013988e-10,
      "max": 4.372753998596626e-10
    },
    "eigen_residual": {
      "mean": 9.933696082004925e-10,
      "std": 2.369878945351901e-12,
      "min": 9.909997292551406e-10,
      "max": 9.957394871458444e-10
    },
    "eigenvalue": {
      "mean": 0.9999999999998709,
      "std": 0.0,
      "min": 0.9999999999998709,
      "max": 0.9999999999998709
    },
    "entropy": {
      "mean": 4.562097130207024,
      "std": 6.409983654975804e-12,
      "min": 4.562097130200614,
      "max": 4.562097130213434
    },
    "variance_ratio": {
      "mean": 0.10790188351718241,
      "std": 5.059633268387841e-13,
      "min": 0.10790188351667644,
      "max": 0.10790188351768837
    },
    "participation_ratio": {
      "mean": 0.5276855523080823,
      "std": 7.1435635187125585e-12,
      "min": 0.5276855523009388,
      "max": 0.527685552315226
    },
    "uniformity_cosine": {
      "mean": 2.0816681711721685e-17,
      "std": 6.938893903907228e-18,
      "min": 1.3877787807814457e-17,
      "max": 2.7755575615628914e-17
    }
  },
  "coupling_stats": null
}