{
  "n_trials": 1,
  "convergence_rate": 1.0,
  "health_pass_rate": 1.0,
  "n_converged": 1,
  "n_healthy": 1,
  "steps_stats": {
    "mean": 238.0,
    "std": 0.0,
    "min": 238.0,
    "max": 238.0,
    "median": 238.0
  },
  "recovery_stats": {
    "mean": 171.0,
    "std": 0.0,
    "min": 171.0,
    "max": 171.0
  },
  "metric_stats": {
    "delta": {
      "mean": 1.861805169143248e-07,
      "std": 0.0,
      "min": 1.861805169143248e-07,
      "max": 1.861805169143248e-07
    },
    "eigen_residual": {
      "mean": 4.953390281606975e-07,
      "std": 0.0,
      "min": 4.953390281606975e-07,
      "max": 4.953390281606975e-07
    },
    "eigenvalue": {
      "mean": 0.9999999999998771,
      "std": 0.0,
      "min": 0.9999999999998771,
      "max": 0.9999999999998771
    },
    "entropy": {
      "mean": 4.562097797935634,
      "std": 0.0,
      "min": 4.562097797935634,
      "max": 4.562097797935634
    },
    "variance_ratio": {
      "mean": 0.999999999998,
      "std": 0.0,
      "min": 0.999999999998,
      "max": 0.999999999998
    },
    "participation_ratio": {
      "mean": 0.5276857790807853,
      "std": 0.0,
      "min": 0.5276857790807853,
      "max": 0.5276857790807853
    },
    "uniformity_cosine": {
      "mean": 1.3877787807814457e-17,
      "std": 0.0,
      "min": 1.3877787807814457e-17,
      "max": 1.3877787807814457e-17
    }
  },
  "coupling_stats": null
}