{
  "n_trials": 2,
  "convergence_rate": 1.0,
  "health_pass_rate": 1.0,
  "n_converged": 2,
  "n_healthy": 2,
  "steps_stats": {
    "mean": 232.0,
    "std": 10.0,
    "min": 222.0,
    "max": 242.0,
    "median": 232.0
  },
  "recovery_stats": {
    "mean": 183.0,
    "std": 12.0,
    "min": 171.0,
    "max": 195.0
  },
  "metric_stats": {
    "delta": {
      "mean": 1.9332172069664387e-07,
      "std": 1.1189226500215063e-08,
      "min": 1.8213249419642882e-07,
      "max": 2.0451094719685894e-07
    },
    "eigen_residual": {
      "mean": 3.9907961938182603e-07,
      "std": 6.596733138695391e-08,
      "min": 3.331122879948721e-07,
      "max": 4.650469507687799e-07
    },
    "eigenvalue": {
      "mean": 0.9999999999999183,
      "std": 2.636785526757349e-14,
      "min": 0.9999999999998919,
      "max": 0.9999999999999446
    },
    "entropy": {
      "mean": 4.562097450562607,
      "std": 4.154898758379488e-07,
      "min": 4.562097035072731,
      "max": 4.562097866052483
    },
    "variance_ratio": {
      "mean": 0.9999999999980003,
      "std": 7.850462293418876e-17,
      "min": 0.9999999999980002,
      "max": 0.9999999999980003
    },
    "participation_ratio": {
      "mean": 0.527685540194845,
      "std": 1.0004960687703957e-07,
      "min": 0.5276854401452381,
      "max": 0.5276856402444519
    },
    "uniformity_cosine": {
      "mean": 1.3183898417423734e-16,
      "std": 9.020562075079397e-17,
      "min": 4.163336342344337e-17,
      "max": 2.220446049250313e-16
    }
  },
  "coupling_stats": null
}