{
  "consciousness_optimization": {
    "applied_params": {
      "convergence_tolerance": 9.82780795218371e-05,
      "entropy_threshold": 0.09998521803406313,
      "phi_threshold": 0.2989250839567209
    },
    "efficiency_improvement": 0.5870089047129212,
    "final_efficiency": 0.9980640992189834,
    "initial_config": {
      "convergence_tolerance": 9.82780795218371e-05,
      "entropy_threshold": 0.09998521803406313,
      "phi_threshold": 0.2989250839567209
    },
    "initial_efficiency": 0.4110551945060622,
    "optimized_params": {
      "convergence_tolerance": 9.61496687589788e-05,
      "entropy_threshold": 0.0999984394263335,
      "phi_threshold": 0.29999804928291685
    }
  },
  "experiment_info": {
    "experiment_name": "Day 7 Golden Ratio Integration",
    "timestamp": 1754987082.3947341,
    "version": "1.0"
  },
  "golden_ratio": {
    "phi_approximation": 1.618033988749895,
    "phi_constant": 1.618033988749895
  },
  "golden_section_search": {
    "exponential": {
      "error": 2.9999983875285006,
      "expected_min": 1.0,
      "min_value": 0.0001234109980608854,
      "optimal_x": 3.9999983875285006
    },
    "quadratic": {
      "error": 2.6874525027587026e-07,
      "expected_min": 2.0,
      "min_value": 1.0000000000000722,
      "optimal_x": 1.9999997312547497
    },
    "sine": {
      "error": 3.1415918093016906,
      "expected_min": 1.5707963267948966,
      "min_value": 3.5638159090467525e-13,
      "optimal_x": 4.712388136096587
    }
  },
  "key_metrics": {
    "efficiency_improvement": 0.5870089047129212,
    "functions_optimized": 3,
    "network_sizes_tested": 4,
    "optimization_success": false
  },
  "network_optimization": {
    "5": {
      "awakening_threshold": 1.294427190999916,
      "coupling_strength": 1.232784568517044,
      "critical_density": 0.3090169943749474,
      "noise_level": 0.0694427190999916,
      "simulation_time": 647.2135954999579,
      "time_step": 0.016180339887498948
    },
    "10": {
      "awakening_threshold": 1.294427190999916,
      "coupling_strength": 1.497543232284783,
      "critical_density": 0.3090169943749474,
      "noise_level": 0.06562305898749055,
      "simulation_time": 647.2135954999579,
      "time_step": 0.016180339887498948
    },
    "20": {
      "awakening_threshold": 1.294427190999916,
      "coupling_strength": 1.7623018960525216,
      "critical_density": 0.3090169943749474,
      "noise_level": 0.06371322893124001,
      "simulation_time": 647.2135954999579,
      "time_step": 0.016180339887498948
    },
    "50": {
      "awakening_threshold": 1.294427190999916,
      "coupling_strength": 2.1122938120519317,
      "critical_density": 0.3090169943749474,
      "noise_level": 0.0625673308974897,
      "simulation_time": 647.2135954999579,
      "time_step": 0.016180339887498948
    }
  }
}