{
  "cross_framework_integration": {
    "cross_framework_interactions": 8,
    "evolution_steps": 2,
    "final_coherence": 0.46819593570773926,
    "frameworks_integrated": 6,
    "integration_metrics": {
      "coherence_variance": 0.10117403470493684,
      "coupling_strength_variance": 0.02104896419723603,
      "integration_completeness": 1.0,
      "mean_coupling_strength": 0.12270986965608176,
      "overall_coherence": 0.46819593570773926,
      "overall_stability": 0.6078453158532752,
      "phi_optimization_influence": 0.6496270939773015,
      "stability_variance": 0.06932536221054389
    }
  },
  "experiment_info": {
    "experiment_name": "Day 8 Unified Field Integration",
    "timestamp": 1754991729.146755,
    "version": "1.0"
  },
  "field_dynamics": {
    "balanced": {
      "evolution_steps": 51,
      "field_energy": 173.72045553685481,
      "final_coherence": 0.41395890243885,
      "initial_coherence": 0.35987156678924054,
      "mean_stability": 0.9189409447821635
    },
    "high_coherence": {
      "evolution_steps": 51,
      "field_energy": 172.17644971386486,
      "final_coherence": 0.26346875516085183,
      "initial_coherence": 0.4700024866176195,
      "mean_stability": 0.3578927556646215
    },
    "low_coherence": {
      "evolution_steps": 51,
      "field_energy": 174.7312719163604,
      "final_coherence": 0.3044331140350748,
      "initial_coherence": 0.3673096885325917,
      "mean_stability": 0.35863620559969617
    }
  },
  "key_metrics": {
    "evolution_stability": 0.9189409447821635,
    "field_coherence": 0.33772796410355677,
    "integration_completeness": 1.0,
    "mathematical_synthesis": 1.618033988749895
  },
  "mathematical_synthesis": {
    "field_topology": {
      "connection_norm": 0.3185262631832784,
      "curvature_trace": 0.0,
      "dimensions": 6,
      "metric_trace": 6.0
    },
    "framework_couplings": {
      "eastern_western_bridge_x_golden_ratio_optimization": {
        "coupling_energy": 0.3376284356803129,
        "coupling_strength": 1.0,
        "resonance_frequency": 1.3934277112573417
      },
      "golden_ratio_optimization_x_integrated_information_theory": {
        "coupling_energy": 0.3836392964035431,
        "coupling_strength": 1.0,
        "resonance_frequency": 1.272019649514069
      },
      "integrated_information_theory_x_category_theory": {
        "coupling_energy": 0.5800140524539694,
        "coupling_strength": 1.0,
        "resonance_frequency": 1.272019649514069
      }
    },
    "golden_ratio": 1.618033988749895
  },
  "unified_field_theory": {
    "attractors": 3,
    "evolution": {
      "final_strength": 3.3175141166738245,
      "steps": 101
    },
    "field_state": {
      "coherence": 0.33772796410355677,
      "field_strength": 3.3743596292931133,
      "field_values": {
        "category_functor": 1.0,
        "golden_ratio_optimization": 0.0,
        "iit_phi": 0.0,
        "network_synchronization": 0.023247076942419176,
        "temporal_evolution": 0.6171149448753764,
        "thermodynamic_entropy": 3.163057322596012
      },
      "stability": 0.7711707873733906
    },
    "invariants": {
      "coherence_variance": 0.002218993997506797,
      "field_connection_strength": 0.3185262631832784,
      "field_curvature": [
        [
          0.0,
          0.0,
          0.0,
          0.0,
          0.0,
          0.0
        ],
        [
          0.0,
          0.0,
          0.0,
          0.0,
          0.0,
          0.0
        ],
        [
          0.0,
          0.0,
          0.0,
          0.0,
          0.0,
          0.0
        ],
        [
          0.0,
          0.0,
          0.0,
          0.032360679774997896,
          0.0,
          0.0
        ],
        [
          0.0,
          0.0,
          0.0,
          0.0,
          0.032360679774997896,
          0.0
        ],
        [
          0.0,
          0.0,
          0.0,
          0.0,
          0.0,
          0.032360679774997896
        ]
      ],
      "mean_coherence": 0.29150775563188835,
      "mean_stability": 0.43077480608148055,
      "phi_optimization_efficiency": 0.0,
      "stability_variance": 0.03892250858636584,
      "total_energy": 338.96747543854093
    }
  }
}